sale_date,product_category_mapped,year,month,day_of_week,is_weekend,n_transactions,total_qty,daily_revenue,avg_revenue_per_tx,avg_trend_for_product,trend_avg_overall,trend_max_overall
2023-01-01,bakery,2023.0,1.0,6.0,1,68,68.0,241.5,3.55,44.0,59.25,87.0
2023-01-01,chocolate,2023.0,1.0,6.0,1,50,73.0,295.5,5.91,50.0,59.25,87.0
2023-01-01,coffee,2023.0,1.0,6.0,1,432,661.0,1971.2,4.56,87.0,59.25,87.0
2023-01-02,bakery,2023.0,1.0,0.0,0,87,87.0,309.75,3.56,35.0,58.25,89.0
2023-01-02,chocolate,2023.0,1.0,0.0,0,38,53.0,220.5,5.8,50.0,58.25,89.0
2023-01-02,coffee,2023.0,1.0,0.0,0,441,650.0,1873.1,4.25,89.0,58.25,89.0
2023-01-03,bakery,2023.0,1.0,1.0,0,81,81.0,288.75,3.56,25.0,49.0,74.0
2023-01-03,chocolate,2023.0,1.0,1.0,0,54,81.0,343.75,6.37,45.0,49.0,74.0
2023-01-03,coffee,2023.0,1.0,1.0,0,447,661.0,1932.5,4.32,74.0,49.0,74.0
2023-01-04,bakery,2023.0,1.0,2.0,0,61,61.0,214.5,3.52,28.0,56.0,86.0
2023-01-04,chocolate,2023.0,1.0,2.0,0,43,62.0,258.5,6.01,53.0,56.0,86.0
2023-01-04,coffee,2023.0,1.0,2.0,0,393,603.0,1747.1,4.45,86.0,56.0,86.0
2023-01-05,bakery,2023.0,1.0,3.0,0,73,73.0,259.25,3.55,30.0,51.5,78.0
2023-01-05,chocolate,2023.0,1.0,3.0,0,48,72.0,298.5,6.22,44.0,51.5,78.0
2023-01-05,coffee,2023.0,1.0,3.0,0,426,633.0,1861.1,4.37,78.0,51.5,78.0
2023-01-06,bakery,2023.0,1.0,4.0,0,78,78.0,275.75,3.54,34.0,51.75,73.0
2023-01-06,chocolate,2023.0,1.0,4.0,0,41,65.0,266.25,6.49,44.0,51.75,73.0
2023-01-06,coffee,2023.0,1.0,4.0,0,390,593.0,1731.85,4.44,73.0,51.75,73.0
2023-01-07,bakery,2023.0,1.0,5.0,1,80,80.0,286.5,3.58,37.0,59.25,92.0
2023-01-07,chocolate,2023.0,1.0,5.0,1,43,64.0,273.75,6.37,52.0,59.25,92.0
2023-01-07,coffee,2023.0,1.0,5.0,1,403,606.0,1792.05,4.45,92.0,59.25,92.0
2023-01-07,tea,2023.0,1.0,5.0,1,2,2.0,11.25,5.62,56.0,59.25,92.0
2023-01-08,bakery,2023.0,1.0,6.0,1,82,101.0,365.5,4.46,44.0,63.0,92.0
2023-01-08,chocolate,2023.0,1.0,6.0,1,38,60.0,252.25,6.64,53.0,63.0,92.0
2023-01-08,coffee,2023.0,1.0,6.0,1,397,572.0,1676.9,4.22,92.0,63.0,92.0
2023-01-08,tea,2023.0,1.0,6.0,1,9,9.0,50.62,5.62,63.0,63.0,92.0
2023-01-09,bakery,2023.0,1.0,0.0,0,71,72.0,276.03,3.89,28.0,49.0,74.0
2023-01-09,chocolate,2023.0,1.0,0.0,0,53,79.0,348.38,6.57,42.0,49.0,74.0
2023-01-09,coffee,2023.0,1.0,0.0,0,393,550.0,1632.82,4.15,74.0,49.0,74.0
2023-01-09,tea,2023.0,1.0,0.0,0,9,9.0,50.62,5.62,52.0,49.0,74.0
2023-01-10,bakery,2023.0,1.0,1.0,0,100,100.0,350.75,3.51,31.0,51.75,78.0
2023-01-10,chocolate,2023.0,1.0,1.0,0,44,65.0,266.0,6.05,41.0,51.75,78.0
2023-01-10,coffee,2023.0,1.0,1.0,0,396,601.0,1768.0,4.46,78.0,51.75,78.0
2023-01-10,tea,2023.0,1.0,1.0,0,7,7.0,39.38,5.62,57.0,51.75,78.0
2023-01-11,bakery,2023.0,1.0,2.0,0,86,86.0,305.0,3.55,30.0,51.75,76.0
2023-01-11,chocolate,2023.0,1.0,2.0,0,56,75.0,323.38,5.77,46.0,51.75,76.0
2023-01-11,coffee,2023.0,1.0,2.0,0,361,535.0,1578.52,4.37,76.0,51.75,76.0
2023-01-11,tea,2023.0,1.0,2.0,0,6,6.0,33.75,5.62,55.0,51.75,76.0
2023-01-12,bakery,2023.0,1.0,3.0,0,98,98.0,348.0,3.55,31.0,50.25,73.0
2023-01-12,chocolate,2023.0,1.0,3.0,0,37,54.0,222.25,6.01,44.0,50.25,73.0
2023-01-12,coffee,2023.0,1.0,3.0,0,348,525.0,1525.7,4.38,73.0,50.25,73.0
2023-01-12,tea,2023.0,1.0,3.0,0,6,6.0,33.75,5.62,53.0,50.25,73.0
2023-01-13,bakery,2023.0,1.0,4.0,0,99,99.0,358.0,3.62,31.0,48.25,71.0
2023-01-13,chocolate,2023.0,1.0,4.0,0,42,65.0,271.25,6.46,43.0,48.25,71.0
2023-01-13,coffee,2023.0,1.0,4.0,0,417,694.0,2043.32,4.9,71.0,48.25,71.0
2023-01-13,tea,2023.0,1.0,4.0,0,10,10.0,56.25,5.62,48.0,48.25,71.0
2023-01-14,bakery,2023.0,1.0,5.0,1,108,108.0,383.75,3.55,37.0,59.75,89.0
2023-01-14,chocolate,2023.0,1.0,5.0,1,45,61.0,259.62,5.77,55.0,59.75,89.0
2023-01-14,coffee,2023.0,1.0,5.0,1,345,495.0,1496.2,4.34,89.0,59.75,89.0
2023-01-14,tea,2023.0,1.0,5.0,1,7,7.0,39.38,5.62,58.0,59.75,89.0
2023-01-15,bakery,2023.0,1.0,6.0,1,101,101.0,352.5,3.49,43.0,63.25,98.0
2023-01-15,chocolate,2023.0,1.0,6.0,1,55,74.0,318.0,5.78,51.0,63.25,98.0
2023-01-15,coffee,2023.0,1.0,6.0,1,447,667.0,1945.38,4.35,98.0,63.25,98.0
2023-01-15,tea,2023.0,1.0,6.0,1,5,5.0,28.12,5.62,61.0,63.25,98.0
2023-01-16,bakery,2023.0,1.0,0.0,0,94,94.0,333.75,3.55,33.0,58.25,90.0
2023-01-16,chocolate,2023.0,1.0,0.0,0,54,74.0,305.0,5.65,50.0,58.25,90.0
2023-01-16,coffee,2023.0,1.0,0.0,0,419,604.0,1794.3,4.28,90.0,58.25,90.0
2023-01-16,tea,2023.0,1.0,0.0,0,8,8.0,45.0,5.62,60.0,58.25,90.0
2023-01-17,bakery,2023.0,1.0,1.0,0,70,71.0,254.75,3.64,26.0,48.25,73.0
2023-01-17,chocolate,2023.0,1.0,1.0,0,40,61.0,257.0,6.42,40.0,48.25,73.0
2023-01-17,coffee,2023.0,1.0,1.0,0,354,523.0,1523.5,4.3,73.0,48.25,73.0
2023-01-17,tea,2023.0,1.0,1.0,0,5,5.0,28.12,5.62,54.0,48.25,73.0
2023-01-18,bakery,2023.0,1.0,2.0,0,88,88.0,309.75,3.52,27.0,50.0,78.0
2023-01-18,chocolate,2023.0,1.0,2.0,0,51,71.0,297.0,5.82,44.0,50.0,78.0
2023-01-18,coffee,2023.0,1.0,2.0,0,382,574.0,1703.4,4.46,78.0,50.0,78.0
2023-01-18,tea,2023.0,1.0,2.0,0,10,10.0,56.25,5.62,51.0,50.0,78.0
2023-01-19,bakery,2023.0,1.0,3.0,0,90,90.0,318.75,3.54,30.0,50.75,75.0
2023-01-19,chocolate,2023.0,1.0,3.0,0,46,70.0,299.38,6.51,47.0,50.75,75.0
2023-01-19,coffee,2023.0,1.0,3.0,0,413,610.0,1820.18,4.41,75.0,50.75,75.0
2023-01-19,tea,2023.0,1.0,3.0,0,3,3.0,16.88,5.62,51.0,50.75,75.0
2023-01-20,bakery,2023.0,1.0,4.0,0,126,127.0,445.25,3.53,32.0,51.0,74.0
2023-01-20,chocolate,2023.0,1.0,4.0,0,34,47.0,195.25,5.74,46.0,51.0,74.0
2023-01-20,coffee,2023.0,1.0,4.0,0,360,513.0,1488.82,4.14,74.0,51.0,74.0
2023-01-20,tea,2023.0,1.0,4.0,0,9,9.0,50.62,5.62,52.0,51.0,74.0
2023-01-21,bakery,2023.0,1.0,5.0,1,96,99.0,344.0,3.58,39.0,60.0,89.0
2023-01-21,chocolate,2023.0,1.0,5.0,1,44,80.0,342.5,7.78,53.0,60.0,89.0
2023-01-21,coffee,2023.0,1.0,5.0,1,378,597.0,1771.0,4.69,89.0,60.0,89.0
2023-01-21,tea,2023.0,1.0,5.0,1,6,6.0,33.75,5.62,59.0,60.0,89.0
2023-01-22,bakery,2023.0,1.0,6.0,1,70,71.0,250.1,3.57,39.0,60.5,88.0
2023-01-22,chocolate,2023.0,1.0,6.0,1,41,66.0,272.38,6.64,52.0,60.5,88.0
2023-01-22,coffee,2023.0,1.0,6.0,1,351,589.0,1707.2,4.86,88.0,60.5,88.0
2023-01-22,tea,2023.0,1.0,6.0,1,2,2.0,11.25,5.62,63.0,60.5,88.0
2023-01-23,bakery,2023.0,1.0,0.0,0,90,94.0,327.65,3.64,27.0,49.0,75.0
2023-01-23,chocolate,2023.0,1.0,0.0,0,45,70.0,291.25,6.47,44.0,49.0,75.0
2023-01-23,coffee,2023.0,1.0,0.0,0,427,684.0,2013.95,4.72,75.0,49.0,75.0
2023-01-23,tea,2023.0,1.0,0.0,0,2,2.0,11.25,5.62,50.0,49.0,75.0
2023-01-24,bakery,2023.0,1.0,1.0,0,90,94.0,328.95,3.66,28.0,51.5,79.0
2023-01-24,chocolate,2023.0,1.0,1.0,0,53,87.0,349.75,6.6,47.0,51.5,79.0
2023-01-24,coffee,2023.0,1.0,1.0,0,411,658.0,1931.8,4.7,79.0,51.5,79.0
2023-01-24,tea,2023.0,1.0,1.0,0,6,6.0,33.75,5.62,52.0,51.5,79.0
2023-01-25,bakery,2023.0,1.0,2.0,0,87,91.0,320.25,3.68,29.0,49.75,74.0
2023-01-25,chocolate,2023.0,1.0,2.0,0,49,68.0,282.5,5.77,46.0,49.75,74.0
2023-01-25,coffee,2023.0,1.0,2.0,0,424,718.0,2058.8,4.86,74.0,49.75,74.0
2023-01-25,tea,2023.0,1.0,2.0,0,5,5.0,28.12,5.62,50.0,49.75,74.0
2023-01-26,bakery,2023.0,1.0,3.0,0,87,89.0,313.9,3.61,33.0,49.75,71.0
2023-01-26,chocolate,2023.0,1.0,3.0,0,39,61.0,256.12,6.57,46.0,49.75,71.0
2023-01-26,coffee,2023.0,1.0,3.0,0,427,692.0,2035.08,4.77,71.0,49.75,71.0
2023-01-26,tea,2023.0,1.0,3.0,0,6,6.0,33.75,5.62,49.0,49.75,71.0
2023-01-27,bakery,2023.0,1.0,4.0,0,70,70.0,244.05,3.49,36.0,52.5,76.0
2023-01-27,chocolate,2023.0,1.0,4.0,0,53,84.0,347.12,6.55,46.0,52.5,76.0
2023-01-27,coffee,2023.0,1.0,4.0,0,420,680.0,1972.3,4.7,76.0,52.5,76.0
2023-01-27,tea,2023.0,1.0,4.0,0,2,2.0,11.25,5.62,52.0,52.5,76.0
2023-01-28,bakery,2023.0,1.0,5.0,1,68,71.0,249.15,3.66,43.0,62.75,94.0
2023-01-28,chocolate,2023.0,1.0,5.0,1,36,53.0,208.75,5.8,56.0,62.75,94.0
2023-01-28,coffee,2023.0,1.0,5.0,1,366,548.0,1579.2,4.31,94.0,62.75,94.0
2023-01-29,bakery,2023.0,1.0,6.0,1,80,82.0,287.35,3.59,44.0,73.75,97.0
2023-01-29,chocolate,2023.0,1.0,6.0,1,48,74.0,310.0,6.46,60.0,73.75,97.0
2023-01-29,coffee,2023.0,1.0,6.0,1,331,496.0,1463.4,4.42,97.0,73.75,97.0
2023-01-30,bakery,2023.0,1.0,0.0,0,87,88.0,314.78,3.62,28.0,58.25,87.0
2023-01-30,chocolate,2023.0,1.0,0.0,0,43,64.0,263.0,6.12,44.0,58.25,87.0
2023-01-30,coffee,2023.0,1.0,0.0,0,312,483.0,1433.3,4.59,74.0,58.25,87.0
2023-01-30,tea,2023.0,1.0,0.0,0,3,3.0,16.88,5.62,87.0,58.25,87.0
2023-01-31,bakery,2023.0,1.0,1.0,0,77,78.0,277.78,3.61,28.0,53.0,72.0
2023-01-31,chocolate,2023.0,1.0,1.0,0,27,39.0,163.5,6.06,47.0,53.0,72.0
2023-01-31,coffee,2023.0,1.0,1.0,0,317,479.0,1451.2,4.58,72.0,53.0,72.0
2023-01-31,tea,2023.0,1.0,1.0,0,13,13.0,73.12,5.62,65.0,53.0,72.0
2023-02-01,bakery,2023.0,2.0,2.0,0,81,81.0,280.25,3.46,29.0,54.25,76.0
2023-02-01,chocolate,2023.0,2.0,2.0,0,54,79.0,328.0,6.07,56.0,54.25,76.0
2023-02-01,coffee,2023.0,2.0,2.0,0,411,636.0,1858.05,4.52,76.0,54.25,76.0
2023-02-02,bakery,2023.0,2.0,3.0,0,80,80.0,283.0,3.54,30.0,53.25,76.0
2023-02-02,chocolate,2023.0,2.0,3.0,0,49,74.0,316.25,6.45,54.0,53.25,76.0
2023-02-02,coffee,2023.0,2.0,3.0,0,440,660.0,1907.65,4.34,76.0,53.25,76.0
2023-02-03,bakery,2023.0,2.0,4.0,0,87,87.0,309.0,3.55,33.0,52.5,70.0
2023-02-03,chocolate,2023.0,2.0,4.0,0,53,75.0,307.25,5.8,57.0,52.5,70.0
2023-02-03,coffee,2023.0,2.0,4.0,0,446,672.0,1975.2,4.43,70.0,52.5,70.0
2023-02-04,bakery,2023.0,2.0,5.0,1,86,86.0,305.25,3.55,37.0,60.0,87.0
2023-02-04,chocolate,2023.0,2.0,5.0,1,48,72.0,295.25,6.15,62.0,60.0,87.0
2023-02-04,coffee,2023.0,2.0,5.0,1,450,676.0,1951.2,4.34,87.0,60.0,87.0
2023-02-05,bakery,2023.0,2.0,6.0,1,84,84.0,296.5,3.53,44.0,65.0,89.0
2023-02-05,chocolate,2023.0,2.0,6.0,1,39,58.0,237.5,6.09,67.0,65.0,89.0
2023-02-05,coffee,2023.0,2.0,6.0,1,410,606.0,1770.7,4.32,89.0,65.0,89.0
2023-02-06,bakery,2023.0,2.0,0.0,0,67,67.0,240.25,3.59,28.0,50.75,72.0
2023-02-06,chocolate,2023.0,2.0,0.0,0,47,67.0,273.25,5.81,51.0,50.75,72.0
2023-02-06,coffee,2023.0,2.0,0.0,0,375,578.0,1689.9,4.51,72.0,50.75,72.0
2023-02-07,bakery,2023.0,2.0,1.0,0,80,80.0,284.5,3.56,30.0,52.0,76.0
2023-02-07,chocolate,2023.0,2.0,1.0,0,41,62.0,259.38,6.33,51.0,52.0,76.0
2023-02-07,coffee,2023.0,2.0,1.0,0,394,583.0,1712.55,4.35,76.0,52.0,76.0
2023-02-07,tea,2023.0,2.0,1.0,0,4,4.0,22.5,5.62,51.0,52.0,76.0
2023-02-08,bakery,2023.0,2.0,2.0,0,73,90.0,327.0,4.48,30.0,49.75,73.0
2023-02-08,chocolate,2023.0,2.0,2.0,0,46,68.0,284.25,6.18,51.0,49.75,73.0
2023-02-08,coffee,2023.0,2.0,2.0,0,430,610.0,1827.8,4.25,73.0,49.75,73.0
2023-02-08,tea,2023.0,2.0,2.0,0,7,7.0,39.38,5.62,45.0,49.75,73.0
2023-02-09,bakery,2023.0,2.0,3.0,0,84,84.0,315.47,3.76,32.0,53.0,75.0
2023-02-09,chocolate,2023.0,2.0,3.0,0,51,75.0,320.25,6.28,55.0,53.0,75.0
2023-02-09,coffee,2023.0,2.0,3.0,0,397,561.0,1663.4,4.19,75.0,53.0,75.0
2023-02-09,tea,2023.0,2.0,3.0,0,6,6.0,33.75,5.62,50.0,53.0,75.0
2023-02-10,bakery,2023.0,2.0,4.0,0,102,102.0,368.25,3.61,34.0,54.5,74.0
2023-02-10,chocolate,2023.0,2.0,4.0,0,44,69.0,282.25,6.41,59.0,54.5,74.0
2023-02-10,coffee,2023.0,2.0,4.0,0,428,656.0,1926.38,4.5,74.0,54.5,74.0
2023-02-10,tea,2023.0,2.0,4.0,0,5,5.0,28.12,5.62,51.0,54.5,74.0
2023-02-11,bakery,2023.0,2.0,5.0,1,87,87.0,313.5,3.6,42.0,65.25,96.0
2023-02-11,chocolate,2023.0,2.0,5.0,1,52,66.0,289.12,5.56,66.0,65.25,96.0
2023-02-11,coffee,2023.0,2.0,5.0,1,371,547.0,1629.45,4.39,96.0,65.25,96.0
2023-02-11,tea,2023.0,2.0,5.0,1,4,4.0,22.5,5.62,57.0,65.25,96.0
2023-02-12,bakery,2023.0,2.0,6.0,1,107,107.0,381.25,3.56,45.0,64.25,84.0
2023-02-12,chocolate,2023.0,2.0,6.0,1,53,77.0,316.75,5.98,73.0,64.25,84.0
2023-02-12,coffee,2023.0,2.0,6.0,1,381,584.0,1691.88,4.44,84.0,64.25,84.0
2023-02-12,tea,2023.0,2.0,6.0,1,12,12.0,67.5,5.62,55.0,64.25,84.0
2023-02-13,bakery,2023.0,2.0,0.0,0,99,99.0,360.0,3.64,28.0,50.5,66.0
2023-02-13,chocolate,2023.0,2.0,0.0,0,47,75.0,316.0,6.72,66.0,50.5,66.0
2023-02-13,coffee,2023.0,2.0,0.0,0,395,655.0,1928.98,4.88,63.0,50.5,66.0
2023-02-13,tea,2023.0,2.0,0.0,0,6,6.0,33.75,5.62,45.0,50.5,66.0
2023-02-14,bakery,2023.0,2.0,1.0,0,100,100.0,355.0,3.55,42.0,61.75,94.0
2023-02-14,chocolate,2023.0,2.0,1.0,0,38,56.0,238.88,6.29,94.0,61.75,94.0
2023-02-14,coffee,2023.0,2.0,1.0,0,360,516.0,1565.0,4.35,67.0,61.75,94.0
2023-02-14,tea,2023.0,2.0,1.0,0,14,14.0,78.75,5.62,44.0,61.75,94.0
2023-02-15,bakery,2023.0,2.0,2.0,0,87,87.0,302.75,3.48,31.0,51.25,72.0
2023-02-15,chocolate,2023.0,2.0,2.0,0,59,91.0,384.75,6.52,55.0,51.25,72.0
2023-02-15,coffee,2023.0,2.0,2.0,0,404,603.0,1798.45,4.45,72.0,51.25,72.0
2023-02-15,tea,2023.0,2.0,2.0,0,10,10.0,56.25,5.62,47.0,51.25,72.0
2023-02-16,bakery,2023.0,2.0,3.0,0,100,100.0,351.0,3.51,31.0,51.25,73.0
2023-02-16,chocolate,2023.0,2.0,3.0,0,56,77.0,329.75,5.89,53.0,51.25,73.0
2023-02-16,coffee,2023.0,2.0,3.0,0,422,620.0,1838.48,4.36,73.0,51.25,73.0
2023-02-16,tea,2023.0,2.0,3.0,0,11,11.0,61.88,5.62,48.0,51.25,73.0
2023-02-17,bakery,2023.0,2.0,4.0,0,89,90.0,322.25,3.62,35.0,52.0,76.0
2023-02-17,chocolate,2023.0,2.0,4.0,0,43,60.0,257.0,5.98,47.0,52.0,76.0
2023-02-17,coffee,2023.0,2.0,4.0,0,359,531.0,1538.68,4.29,76.0,52.0,76.0
2023-02-17,tea,2023.0,2.0,4.0,0,2,2.0,11.25,5.62,50.0,52.0,76.0
2023-02-18,bakery,2023.0,2.0,5.0,1,87,87.0,300.5,3.45,43.0,62.5,100.0
2023-02-18,chocolate,2023.0,2.0,5.0,1,57,87.0,360.62,6.33,50.0,62.5,100.0
2023-02-18,coffee,2023.0,2.0,5.0,1,379,557.0,1675.48,4.42,100.0,62.5,100.0
2023-02-18,tea,2023.0,2.0,5.0,1,8,8.0,45.0,5.62,57.0,62.5,100.0
2023-02-19,bakery,2023.0,2.0,6.0,1,108,108.0,381.5,3.53,53.0,67.75,98.0
2023-02-19,chocolate,2023.0,2.0,6.0,1,49,76.0,319.0,6.51,53.0,67.75,98.0
2023-02-19,coffee,2023.0,2.0,6.0,1,466,678.0,2007.0,4.31,98.0,67.75,98.0
2023-02-19,tea,2023.0,2.0,6.0,1,6,6.0,33.75,5.62,67.0,67.75,98.0
2023-02-20,bakery,2023.0,2.0,0.0,0,137,138.0,480.75,3.51,40.0,58.75,88.0
2023-02-20,chocolate,2023.0,2.0,0.0,0,52,74.0,307.62,5.92,45.0,58.75,88.0
2023-02-20,coffee,2023.0,2.0,0.0,0,374,554.0,1657.78,4.43,88.0,58.75,88.0
2023-02-20,tea,2023.0,2.0,0.0,0,8,8.0,45.0,5.62,62.0,58.75,88.0
2023-02-21,bakery,2023.0,2.0,1.0,0,88,88.0,313.05,3.56,38.0,53.0,77.0
2023-02-21,chocolate,2023.0,2.0,1.0,0,41,64.0,275.5,6.72,46.0,53.0,77.0
2023-02-21,coffee,2023.0,2.0,1.0,0,366,580.0,1709.22,4.67,77.0,53.0,77.0
2023-02-21,tea,2023.0,2.0,1.0,0,3,3.0,16.88,5.62,51.0,53.0,77.0
2023-02-22,bakery,2023.0,2.0,2.0,0,89,91.0,318.25,3.58,34.0,51.5,81.0
2023-02-22,chocolate,2023.0,2.0,2.0,0,44,70.0,280.75,6.38,41.0,51.5,81.0
2023-02-22,coffee,2023.0,2.0,2.0,0,418,712.0,2087.82,4.99,81.0,51.5,81.0
2023-02-22,tea,2023.0,2.0,2.0,0,5,5.0,28.12,5.62,50.0,51.5,81.0
2023-02-23,bakery,2023.0,2.0,3.0,0,89,93.0,320.05,3.6,33.0,53.25,81.0
2023-02-23,chocolate,2023.0,2.0,3.0,0,48,78.0,324.62,6.76,43.0,53.25,81.0
2023-02-23,coffee,2023.0,2.0,3.0,0,390,626.0,1857.18,4.76,81.0,53.25,81.0
2023-02-23,tea,2023.0,2.0,3.0,0,3,3.0,16.88,5.62,56.0,53.25,81.0
2023-02-24,bakery,2023.0,2.0,4.0,0,94,101.0,341.25,3.63,34.0,54.25,84.0
2023-02-24,chocolate,2023.0,2.0,4.0,0,51,82.0,346.12,6.79,47.0,54.25,84.0
2023-02-24,coffee,2023.0,2.0,4.0,0,427,709.0,2076.48,4.86,84.0,54.25,84.0
2023-02-24,tea,2023.0,2.0,4.0,0,8,8.0,45.0,5.62,52.0,54.25,84.0
2023-02-25,bakery,2023.0,2.0,5.0,1,89,91.0,316.65,3.56,38.0,61.25,92.0
2023-02-25,chocolate,2023.0,2.0,5.0,1,42,66.0,277.88,6.62,55.0,61.25,92.0
2023-02-25,coffee,2023.0,2.0,5.0,1,416,697.0,2021.65,4.86,92.0,61.25,92.0
2023-02-25,tea,2023.0,2.0,5.0,1,9,9.0,50.62,5.62,60.0,61.25,92.0
2023-02-26,bakery,2023.0,2.0,6.0,1,81,83.0,290.25,3.58,45.0,65.0,99.0
2023-02-26,chocolate,2023.0,2.0,6.0,1,46,68.0,277.38,6.03,55.0,65.0,99.0
2023-02-26,coffee,2023.0,2.0,6.0,1,445,712.0,2105.3,4.73,99.0,65.0,99.0
2023-02-26,tea,2023.0,2.0,6.0,1,4,4.0,22.5,5.62,61.0,65.0,99.0
2023-02-27,bakery,2023.0,2.0,0.0,0,95,96.0,327.15,3.44,29.0,49.0,77.0
2023-02-27,chocolate,2023.0,2.0,0.0,0,56,90.0,367.75,6.57,41.0,49.0,77.0
2023-02-27,coffee,2023.0,2.0,0.0,0,469,758.0,2186.7,4.66,77.0,49.0,77.0
2023-02-27,tea,2023.0,2.0,0.0,0,2,2.0,11.25,5.62,49.0,49.0,77.0
2023-02-28,bakery,2023.0,2.0,1.0,0,68,72.0,254.2,3.74,31.0,49.75,77.0
2023-02-28,chocolate,2023.0,2.0,1.0,0,40,59.0,246.0,6.15,46.0,49.75,77.0
2023-02-28,coffee,2023.0,2.0,1.0,0,403,613.0,1810.9,4.49,77.0,49.75,77.0
2023-03-01,bakery,2023.0,3.0,2.0,0,94,94.0,336.75,3.58,31.0,51.0,76.0
2023-03-01,chocolate,2023.0,3.0,2.0,0,50,78.0,323.25,6.46,43.0,51.0,76.0
2023-03-01,coffee,2023.0,3.0,2.0,0,517,796.0,2380.25,4.6,76.0,51.0,76.0
2023-03-02,bakery,2023.0,3.0,3.0,0,97,97.0,339.0,3.49,30.0,49.75,77.0
2023-03-02,chocolate,2023.0,3.0,3.0,0,58,89.0,375.75,6.48,42.0,49.75,77.0
2023-03-02,coffee,2023.0,3.0,3.0,0,518,777.0,2281.3,4.4,77.0,49.75,77.0
2023-03-03,bakery,2023.0,3.0,4.0,0,98,98.0,345.0,3.52,34.0,54.25,80.0
2023-03-03,chocolate,2023.0,3.0,4.0,0,60,94.0,394.0,6.57,51.0,54.25,80.0
2023-03-03,coffee,2023.0,3.0,4.0,0,552,818.0,2416.15,4.38,80.0,54.25,80.0
2023-03-04,bakery,2023.0,3.0,5.0,1,86,86.0,303.0,3.52,38.0,61.5,93.0
2023-03-04,chocolate,2023.0,3.0,5.0,1,58,85.0,350.5,6.04,58.0,61.5,93.0
2023-03-04,coffee,2023.0,3.0,5.0,1,480,726.0,2128.4,4.43,93.0,61.5,93.0
2023-03-05,bakery,2023.0,3.0,6.0,1,100,100.0,351.0,3.51,40.0,64.25,97.0
2023-03-05,chocolate,2023.0,3.0,6.0,1,66,96.0,389.25,5.9,61.0,64.25,97.0
2023-03-05,coffee,2023.0,3.0,6.0,1,509,756.0,2205.05,4.33,97.0,64.25,97.0
2023-03-06,bakery,2023.0,3.0,0.0,0,93,93.0,324.25,3.49,31.0,49.5,74.0
2023-03-06,chocolate,2023.0,3.0,0.0,0,65,98.0,408.0,6.28,42.0,49.5,74.0
2023-03-06,coffee,2023.0,3.0,0.0,0,429,645.0,1885.8,4.4,74.0,49.5,74.0
2023-03-07,bakery,2023.0,3.0,1.0,0,92,92.0,323.75,3.52,34.0,50.25,74.0
2023-03-07,chocolate,2023.0,3.0,1.0,0,33,50.0,206.12,6.25,41.0,50.25,74.0
2023-03-07,coffee,2023.0,3.0,1.0,0,464,685.0,2051.2,4.42,74.0,50.25,74.0
2023-03-07,tea,2023.0,3.0,1.0,0,3,3.0,16.88,5.62,52.0,50.25,74.0
2023-03-08,bakery,2023.0,3.0,2.0,0,108,141.0,511.75,4.74,35.0,50.75,73.0
2023-03-08,chocolate,2023.0,3.0,2.0,0,57,83.0,346.5,6.08,45.0,50.75,73.0
2023-03-08,coffee,2023.0,3.0,2.0,0,520,724.0,2178.98,4.19,73.0,50.75,73.0
2023-03-08,tea,2023.0,3.0,2.0,0,10,10.0,56.25,5.62,50.0,50.75,73.0
2023-03-09,bakery,2023.0,3.0,3.0,0,101,103.0,390.65,3.87,32.0,49.5,74.0
2023-03-09,chocolate,2023.0,3.0,3.0,0,58,86.0,377.0,6.5,44.0,49.5,74.0
2023-03-09,coffee,2023.0,3.0,3.0,0,510,722.0,2142.7,4.2,74.0,49.5,74.0
2023-03-09,tea,2023.0,3.0,3.0,0,11,11.0,61.88,5.62,48.0,49.5,74.0
2023-03-10,bakery,2023.0,3.0,4.0,0,107,107.0,390.5,3.65,36.0,51.0,77.0
2023-03-10,chocolate,2023.0,3.0,4.0,0,52,77.0,320.5,6.16,43.0,51.0,77.0
2023-03-10,coffee,2023.0,3.0,4.0,0,511,759.0,2259.43,4.42,77.0,51.0,77.0
2023-03-10,tea,2023.0,3.0,4.0,0,8,8.0,45.0,5.62,48.0,51.0,77.0
2023-03-11,bakery,2023.0,3.0,5.0,1,99,99.0,354.5,3.58,41.0,59.25,87.0
2023-03-11,chocolate,2023.0,3.0,5.0,1,51,75.0,310.5,6.09,55.0,59.25,87.0
2023-03-11,coffee,2023.0,3.0,5.0,1,452,690.0,2048.78,4.53,87.0,59.25,87.0
2023-03-11,tea,2023.0,3.0,5.0,1,8,8.0,45.0,5.62,54.0,59.25,87.0
2023-03-12,bakery,2023.0,3.0,6.0,1,115,115.0,408.25,3.55,43.0,61.25,86.0
2023-03-12,chocolate,2023.0,3.0,6.0,1,51,75.0,310.62,6.09,55.0,61.25,86.0
2023-03-12,coffee,2023.0,3.0,6.0,1,428,647.0,1894.4,4.43,86.0,61.25,86.0
2023-03-12,tea,2023.0,3.0,6.0,1,8,8.0,45.0,5.62,61.0,61.25,86.0
2023-03-13,bakery,2023.0,3.0,0.0,0,116,116.0,419.25,3.61,29.0,45.5,70.0
2023-03-13,chocolate,2023.0,3.0,0.0,0,54,92.0,379.75,7.03,38.0,45.5,70.0
2023-03-13,coffee,2023.0,3.0,0.0,0,482,798.0,2382.57,4.94,70.0,45.5,70.0
2023-03-13,tea,2023.0,3.0,0.0,0,8,8.0,45.0,5.62,45.0,45.5,70.0
2023-03-14,bakery,2023.0,3.0,1.0,0,126,126.0,448.5,3.56,30.0,47.75,70.0
2023-03-14,chocolate,2023.0,3.0,1.0,0,37,45.0,191.75,5.18,46.0,47.75,70.0
2023-03-14,coffee,2023.0,3.0,1.0,0,435,624.0,1890.02,4.34,70.0,47.75,70.0
2023-03-14,tea,2023.0,3.0,1.0,0,10,10.0,56.25,5.62,45.0,47.75,70.0
2023-03-15,bakery,2023.0,3.0,2.0,0,107,108.0,379.0,3.54,36.0,49.75,75.0
2023-03-15,chocolate,2023.0,3.0,2.0,0,74,106.0,450.25,6.08,41.0,49.75,75.0
2023-03-15,coffee,2023.0,3.0,2.0,0,464,683.0,2026.1,4.37,75.0,49.75,75.0
2023-03-15,tea,2023.0,3.0,2.0,0,15,15.0,84.38,5.62,47.0,49.75,75.0
2023-03-16,bakery,2023.0,3.0,3.0,0,114,114.0,401.25,3.52,38.0,50.25,71.0
2023-03-16,chocolate,2023.0,3.0,3.0,0,56,82.0,343.38,6.13,41.0,50.25,71.0
2023-03-16,coffee,2023.0,3.0,3.0,0,530,767.0,2248.68,4.24,71.0,50.25,71.0
2023-03-16,tea,2023.0,3.0,3.0,0,8,8.0,45.0,5.62,51.0,50.25,71.0
2023-03-17,bakery,2023.0,3.0,4.0,0,104,105.0,376.5,3.62,45.0,52.25,75.0
2023-03-17,chocolate,2023.0,3.0,4.0,0,43,57.0,240.62,5.6,41.0,52.25,75.0
2023-03-17,coffee,2023.0,3.0,4.0,0,467,681.0,2000.12,4.28,75.0,52.25,75.0
2023-03-17,tea,2023.0,3.0,4.0,0,7,7.0,39.38,5.62,48.0,52.25,75.0
2023-03-18,bakery,2023.0,3.0,5.0,1,113,113.0,403.75,3.57,46.0,60.25,89.0
2023-03-18,chocolate,2023.0,3.0,5.0,1,61,89.0,379.38,6.22,49.0,60.25,89.0
2023-03-18,coffee,2023.0,3.0,5.0,1,474,689.0,2058.18,4.34,89.0,60.25,89.0
2023-03-18,tea,2023.0,3.0,5.0,1,12,12.0,67.5,5.62,57.0,60.25,89.0
2023-03-19,bakery,2023.0,3.0,6.0,1,105,105.0,370.75,3.53,50.0,62.75,91.0
2023-03-19,chocolate,2023.0,3.0,6.0,1,53,81.0,334.0,6.3,50.0,62.75,91.0
2023-03-19,coffee,2023.0,3.0,6.0,1,501,715.0,2124.32,4.24,91.0,62.75,91.0
2023-03-19,tea,2023.0,3.0,6.0,1,5,5.0,28.12,5.62,60.0,62.75,91.0
2023-03-20,bakery,2023.0,3.0,0.0,0,148,148.0,518.8,3.51,31.0,48.75,74.0
2023-03-20,chocolate,2023.0,3.0,0.0,0,61,82.0,345.5,5.66,40.0,48.75,74.0
2023-03-20,coffee,2023.0,3.0,0.0,0,450,653.0,1927.7,4.28,74.0,48.75,74.0
2023-03-20,tea,2023.0,3.0,0.0,0,15,15.0,84.38,5.62,50.0,48.75,74.0
2023-03-21,bakery,2023.0,3.0,1.0,0,112,114.0,398.75,3.56,31.0,48.0,75.0
2023-03-21,chocolate,2023.0,3.0,1.0,0,54,83.0,363.0,6.72,39.0,48.0,75.0
2023-03-21,coffee,2023.0,3.0,1.0,0,411,647.0,1912.45,4.65,75.0,48.0,75.0
2023-03-21,tea,2023.0,3.0,1.0,0,6,6.0,33.75,5.62,47.0,48.0,75.0
2023-03-22,bakery,2023.0,3.0,2.0,0,106,109.0,380.15,3.59,31.0,48.5,74.0
2023-03-22,chocolate,2023.0,3.0,2.0,0,60,93.0,385.0,6.42,40.0,48.5,74.0
2023-03-22,coffee,2023.0,3.0,2.0,0,471,772.0,2240.62,4.76,74.0,48.5,74.0
2023-03-22,tea,2023.0,3.0,2.0,0,2,2.0,11.25,5.62,49.0,48.5,74.0
2023-03-23,bakery,2023.0,3.0,3.0,0,104,109.0,376.8,3.62,33.0,50.25,74.0
2023-03-23,chocolate,2023.0,3.0,3.0,0,60,100.0,402.75,6.71,40.0,50.25,74.0
2023-03-23,coffee,2023.0,3.0,3.0,0,488,775.0,2320.3,4.75,74.0,50.25,74.0
2023-03-23,tea,2023.0,3.0,3.0,0,6,6.0,33.75,5.62,54.0,50.25,74.0
2023-03-24,bakery,2023.0,3.0,4.0,0,115,124.0,427.8,3.72,40.0,53.75,79.0
2023-03-24,chocolate,2023.0,3.0,4.0,0,56,94.0,398.25,7.11,45.0,53.75,79.0
2023-03-24,coffee,2023.0,3.0,4.0,0,513,847.0,2514.55,4.9,79.0,53.75,79.0
2023-03-24,tea,2023.0,3.0,4.0,0,6,6.0,33.75,5.62,51.0,53.75,79.0
2023-03-25,bakery,2023.0,3.0,5.0,1,94,95.0,332.4,3.54,40.0,65.25,90.0
2023-03-25,chocolate,2023.0,3.0,5.0,1,55,91.0,383.0,6.96,71.0,65.25,90.0
2023-03-25,coffee,2023.0,3.0,5.0,1,501,818.0,2379.15,4.75,90.0,65.25,90.0
2023-03-25,tea,2023.0,3.0,5.0,1,6,6.0,33.75,5.62,60.0,65.25,90.0
2023-03-26,bakery,2023.0,3.0,6.0,1,108,111.0,390.75,3.62,47.0,65.5,95.0
2023-03-26,chocolate,2023.0,3.0,6.0,1,43,70.0,293.12,6.82,64.0,65.5,95.0
2023-03-26,coffee,2023.0,3.0,6.0,1,487,811.0,2409.35,4.95,95.0,65.5,95.0
2023-03-26,tea,2023.0,3.0,6.0,1,7,7.0,39.38,5.62,56.0,65.5,95.0
2023-03-27,bakery,2023.0,3.0,0.0,0,112,112.0,388.65,3.47,32.0,51.75,76.0
2023-03-27,chocolate,2023.0,3.0,0.0,0,63,108.0,446.75,7.09,51.0,51.75,76.0
2023-03-27,coffee,2023.0,3.0,0.0,0,554,906.0,2597.07,4.69,76.0,51.75,76.0
2023-03-28,bakery,2023.0,3.0,1.0,0,94,97.0,346.65,3.69,29.0,48.75,74.0
2023-03-28,chocolate,2023.0,3.0,1.0,0,51,72.0,295.25,5.79,43.0,48.75,74.0
2023-03-28,coffee,2023.0,3.0,1.0,0,481,728.0,2150.65,4.47,74.0,48.75,74.0
2023-03-29,bakery,2023.0,3.0,2.0,0,100,103.0,360.9,3.61,33.0,50.0,76.0
2023-03-29,chocolate,2023.0,3.0,2.0,0,51,77.0,319.0,6.25,45.0,50.0,76.0
2023-03-29,coffee,2023.0,3.0,2.0,0,431,632.0,1812.1,4.2,76.0,50.0,76.0
2023-03-30,bakery,2023.0,3.0,3.0,0,115,116.0,418.49,3.64,34.0,49.75,73.0
2023-03-30,chocolate,2023.0,3.0,3.0,0,46,61.0,258.25,5.61,44.0,49.75,73.0
2023-03-30,coffee,2023.0,3.0,3.0,0,437,676.0,2018.6,4.62,73.0,49.75,73.0
2023-03-30,tea,2023.0,3.0,3.0,0,10,10.0,56.25,5.62,48.0,49.75,73.0
2023-03-31,bakery,2023.0,3.0,4.0,0,107,108.0,385.03,3.6,39.0,51.75,74.0
2023-03-31,chocolate,2023.0,3.0,4.0,0,48,71.0,298.12,6.21,46.0,51.75,74.0
2023-03-31,coffee,2023.0,3.0,4.0,0,419,648.0,1919.9,4.58,74.0,51.75,74.0
2023-03-31,tea,2023.0,3.0,4.0,0,7,7.0,39.38,5.62,48.0,51.75,74.0
2023-04-01,bakery,2023.0,4.0,5.0,1,116,116.0,414.75,3.58,44.0,56.5,83.0
2023-04-01,chocolate,2023.0,4.0,5.0,1,66,95.0,393.0,5.95,47.0,56.5,83.0
2023-04-01,coffee,2023.0,4.0,5.0,1,648,987.0,2892.15,4.46,83.0,56.5,83.0
2023-04-02,bakery,2023.0,4.0,6.0,1,117,117.0,412.0,3.52,48.0,63.0,93.0
2023-04-02,chocolate,2023.0,4.0,6.0,1,69,98.0,411.5,5.96,53.0,63.0,93.0
2023-04-02,coffee,2023.0,4.0,6.0,1,616,941.0,2752.35,4.47,93.0,63.0,93.0
2023-04-03,bakery,2023.0,4.0,0.0,0,117,117.0,418.75,3.58,32.0,55.0,83.0
2023-04-03,chocolate,2023.0,4.0,0.0,0,78,120.0,507.25,6.5,52.0,55.0,83.0
2023-04-03,coffee,2023.0,4.0,0.0,0,619,925.0,2678.95,4.33,83.0,55.0,83.0
2023-04-04,bakery,2023.0,4.0,1.0,0,85,85.0,300.25,3.53,36.0,51.25,76.0
2023-04-04,chocolate,2023.0,4.0,1.0,0,73,110.0,444.25,6.09,48.0,51.25,76.0
2023-04-04,coffee,2023.0,4.0,1.0,0,595,891.0,2582.8,4.34,76.0,51.25,76.0
2023-04-05,bakery,2023.0,4.0,2.0,0,134,134.0,471.25,3.52,40.0,49.75,70.0
2023-04-05,chocolate,2023.0,4.0,2.0,0,70,108.0,447.5,6.39,44.0,49.75,70.0
2023-04-05,coffee,2023.0,4.0,2.0,0,610,894.0,2633.95,4.32,70.0,49.75,70.0
2023-04-06,bakery,2023.0,4.0,3.0,0,100,100.0,349.5,3.5,43.0,54.0,79.0
2023-04-06,chocolate,2023.0,4.0,3.0,0,67,98.0,409.5,6.11,47.0,54.0,79.0
2023-04-06,coffee,2023.0,4.0,3.0,0,572,855.0,2491.2,4.36,79.0,54.0,79.0
2023-04-07,bakery,2023.0,4.0,4.0,0,134,134.0,477.5,3.56,54.0,59.0,82.0
2023-04-07,chocolate,2023.0,4.0,4.0,0,48,72.0,305.0,6.35,52.0,59.0,82.0
2023-04-07,coffee,2023.0,4.0,4.0,0,565,852.0,2528.02,4.47,82.0,59.0,82.0
2023-04-07,tea,2023.0,4.0,4.0,0,5,5.0,28.12,5.62,48.0,59.0,82.0
2023-04-08,bakery,2023.0,4.0,5.0,1,136,174.0,634.0,4.66,63.0,67.75,89.0
2023-04-08,chocolate,2023.0,4.0,5.0,1,68,98.0,414.38,6.09,64.0,67.75,89.0
2023-04-08,coffee,2023.0,4.0,5.0,1,652,943.0,2853.6,4.38,89.0,67.75,89.0
2023-04-08,tea,2023.0,4.0,5.0,1,13,13.0,73.12,5.62,55.0,67.75,89.0
2023-04-09,bakery,2023.0,4.0,6.0,1,110,111.0,426.4,3.88,49.0,57.75,77.0
2023-04-09,chocolate,2023.0,4.0,6.0,1,66,102.0,439.5,6.66,53.0,57.75,77.0
2023-04-09,coffee,2023.0,4.0,6.0,1,601,851.0,2549.05,4.24,77.0,57.75,77.0
2023-04-09,tea,2023.0,4.0,6.0,1,18,18.0,101.25,5.62,52.0,57.75,77.0
2023-04-10,bakery,2023.0,4.0,0.0,0,147,147.0,525.0,3.57,30.0,48.0,74.0
2023-04-10,chocolate,2023.0,4.0,0.0,0,66,93.0,385.38,5.84,37.0,48.0,74.0
2023-04-10,coffee,2023.0,4.0,0.0,0,604,913.0,2689.65,4.45,74.0,48.0,74.0
2023-04-10,tea,2023.0,4.0,0.0,0,11,11.0,61.88,5.62,51.0,48.0,74.0
2023-04-11,bakery,2023.0,4.0,1.0,0,134,134.0,479.0,3.57,30.0,47.0,73.0
2023-04-11,chocolate,2023.0,4.0,1.0,0,72,97.0,402.88,5.6,38.0,47.0,73.0
2023-04-11,coffee,2023.0,4.0,1.0,0,572,875.0,2567.3,4.49,73.0,47.0,73.0
2023-04-11,tea,2023.0,4.0,1.0,0,6,6.0,33.75,5.62,47.0,47.0,73.0
2023-04-12,bakery,2023.0,4.0,2.0,0,150,150.0,532.25,3.55,29.0,44.5,70.0
2023-04-12,chocolate,2023.0,4.0,2.0,0,68,103.0,424.38,6.24,33.0,44.5,70.0
2023-04-12,coffee,2023.0,4.0,2.0,0,550,828.0,2430.15,4.42,70.0,44.5,70.0
2023-04-12,tea,2023.0,4.0,2.0,0,16,16.0,90.0,5.62,46.0,44.5,70.0
2023-04-13,bakery,2023.0,4.0,3.0,0,142,142.0,518.75,3.65,33.0,47.0,73.0
2023-04-13,chocolate,2023.0,4.0,3.0,0,73,114.0,482.12,6.6,34.0,47.0,73.0
2023-04-13,coffee,2023.0,4.0,3.0,0,571,921.0,2711.12,4.75,73.0,47.0,73.0
2023-04-13,tea,2023.0,4.0,3.0,0,7,7.0,39.38,5.62,48.0,47.0,73.0
2023-04-14,bakery,2023.0,4.0,4.0,0,147,147.0,522.25,3.55,32.0,47.75,75.0
2023-04-14,chocolate,2023.0,4.0,4.0,0,58,83.0,364.38,6.28,33.0,47.75,75.0
2023-04-14,coffee,2023.0,4.0,4.0,0,500,732.0,2184.4,4.37,75.0,47.75,75.0
2023-04-14,tea,2023.0,4.0,4.0,0,16,16.0,90.0,5.62,51.0,47.75,75.0
2023-04-15,bakery,2023.0,4.0,5.0,1,126,127.0,441.25,3.5,36.0,54.0,85.0
2023-04-15,chocolate,2023.0,4.0,5.0,1,96,135.0,592.0,6.17,41.0,54.0,85.0
2023-04-15,coffee,2023.0,4.0,5.0,1,577,871.0,2598.55,4.5,85.0,54.0,85.0
2023-04-15,tea,2023.0,4.0,5.0,1,6,6.0,33.75,5.62,54.0,54.0,85.0
2023-04-16,bakery,2023.0,4.0,6.0,1,148,148.0,531.5,3.59,40.0,53.25,81.0
2023-04-16,chocolate,2023.0,4.0,6.0,1,76,109.0,453.5,5.97,37.0,53.25,81.0
2023-04-16,coffee,2023.0,4.0,6.0,1,675,964.0,2869.65,4.25,81.0,53.25,81.0
2023-04-16,tea,2023.0,4.0,6.0,1,12,12.0,67.5,5.62,55.0,53.25,81.0
2023-04-17,bakery,2023.0,4.0,0.0,0,128,128.0,459.5,3.59,28.0,43.0,66.0
2023-04-17,chocolate,2023.0,4.0,0.0,0,49,68.0,293.25,5.98,32.0,43.0,66.0
2023-04-17,coffee,2023.0,4.0,0.0,0,533,796.0,2362.07,4.43,66.0,43.0,66.0
2023-04-17,tea,2023.0,4.0,0.0,0,4,4.0,22.5,5.62,46.0,43.0,66.0
2023-04-18,bakery,2023.0,4.0,1.0,0,131,131.0,463.25,3.54,28.0,44.25,69.0
2023-04-18,chocolate,2023.0,4.0,1.0,0,73,106.0,453.5,6.21,34.0,44.25,69.0
2023-04-18,coffee,2023.0,4.0,1.0,0,603,904.0,2674.68,4.44,69.0,44.25,69.0
2023-04-18,tea,2023.0,4.0,1.0,0,15,15.0,84.38,5.62,46.0,44.25,69.0
2023-04-19,bakery,2023.0,4.0,2.0,0,139,139.0,492.5,3.54,32.0,46.5,73.0
2023-04-19,chocolate,2023.0,4.0,2.0,0,62,89.0,378.0,6.1,37.0,46.5,73.0
2023-04-19,coffee,2023.0,4.0,2.0,0,631,923.0,2733.2,4.33,73.0,46.5,73.0
2023-04-19,tea,2023.0,4.0,2.0,0,6,6.0,33.75,5.62,44.0,46.5,73.0
2023-04-20,bakery,2023.0,4.0,3.0,0,169,171.0,600.7,3.55,33.0,46.5,74.0
2023-04-20,chocolate,2023.0,4.0,3.0,0,66,90.0,379.62,5.75,33.0,46.5,74.0
2023-04-20,coffee,2023.0,4.0,3.0,0,525,790.0,2299.45,4.38,74.0,46.5,74.0
2023-04-20,tea,2023.0,4.0,3.0,0,12,12.0,67.5,5.62,46.0,46.5,74.0
2023-04-21,bakery,2023.0,4.0,4.0,0,132,138.0,479.0,3.63,37.0,49.75,73.0
2023-04-21,chocolate,2023.0,4.0,4.0,0,57,90.0,396.25,6.95,38.0,49.75,73.0
2023-04-21,coffee,2023.0,4.0,4.0,0,534,858.0,2521.12,4.72,73.0,49.75,73.0
2023-04-21,tea,2023.0,4.0,4.0,0,7,7.0,39.38,5.62,51.0,49.75,73.0
2023-04-22,bakery,2023.0,4.0,5.0,1,113,115.0,406.35,3.6,46.0,59.25,87.0
2023-04-22,chocolate,2023.0,4.0,5.0,1,68,106.0,434.38,6.39,44.0,59.25,87.0
2023-04-22,coffee,2023.0,4.0,5.0,1,567,953.0,2786.5,4.91,87.0,59.25,87.0
2023-04-22,tea,2023.0,4.0,5.0,1,6,6.0,33.75,5.62,60.0,59.25,87.0
2023-04-23,bakery,2023.0,4.0,6.0,1,122,127.0,443.7,3.64,43.0,58.5,88.0
2023-04-23,chocolate,2023.0,4.0,6.0,1,74,121.0,500.12,6.76,44.0,58.5,88.0
2023-04-23,coffee,2023.0,4.0,6.0,1,613,998.0,2976.08,4.85,88.0,58.5,88.0
2023-04-23,tea,2023.0,4.0,6.0,1,8,8.0,45.0,5.62,59.0,58.5,88.0
2023-04-24,bakery,2023.0,4.0,0.0,0,149,153.0,530.45,3.56,29.0,45.75,74.0
2023-04-24,chocolate,2023.0,4.0,0.0,0,76,122.0,507.38,6.68,35.0,45.75,74.0
2023-04-24,coffee,2023.0,4.0,0.0,0,626,1005.0,2983.1,4.77,74.0,45.75,74.0
2023-04-24,tea,2023.0,4.0,0.0,0,7,7.0,39.38,5.62,45.0,45.75,74.0
2023-04-25,bakery,2023.0,4.0,1.0,0,126,130.0,452.35,3.59,35.0,48.0,73.0
2023-04-25,chocolate,2023.0,4.0,1.0,0,74,118.0,487.88,6.59,37.0,48.0,73.0
2023-04-25,coffee,2023.0,4.0,1.0,0,614,1023.0,2962.8,4.83,73.0,48.0,73.0
2023-04-25,tea,2023.0,4.0,1.0,0,8,8.0,45.0,5.62,47.0,48.0,73.0
2023-04-26,bakery,2023.0,4.0,2.0,0,135,143.0,498.9,3.7,33.0,46.75,72.0
2023-04-26,chocolate,2023.0,4.0,2.0,0,72,116.0,478.12,6.64,36.0,46.75,72.0
2023-04-26,coffee,2023.0,4.0,2.0,0,651,1057.0,3136.52,4.82,72.0,46.75,72.0
2023-04-26,tea,2023.0,4.0,2.0,0,6,6.0,33.75,5.62,46.0,46.75,72.0
2023-04-27,bakery,2023.0,4.0,3.0,0,124,124.0,437.95,3.53,33.0,46.25,71.0
2023-04-27,chocolate,2023.0,4.0,3.0,0,77,123.0,514.75,6.69,36.0,46.25,71.0
2023-04-27,coffee,2023.0,4.0,3.0,0,692,1136.0,3279.5,4.74,71.0,46.25,71.0
2023-04-27,tea,2023.0,4.0,3.0,0,2,2.0,11.25,5.62,45.0,46.25,71.0
2023-04-28,bakery,2023.0,4.0,4.0,0,106,110.0,385.35,3.64,39.0,50.0,73.0
2023-04-28,chocolate,2023.0,4.0,4.0,0,63,90.0,369.5,5.87,40.0,50.0,73.0
2023-04-28,coffee,2023.0,4.0,4.0,0,600,899.0,2618.95,4.36,73.0,50.0,73.0
2023-04-29,bakery,2023.0,4.0,5.0,1,116,121.0,422.5,3.64,42.0,60.75,92.0
2023-04-29,chocolate,2023.0,4.0,5.0,1,55,87.0,367.5,6.68,49.0,60.75,92.0
2023-04-29,coffee,2023.0,4.0,5.0,1,503,746.0,2163.5,4.3,92.0,60.75,92.0
2023-04-30,bakery,2023.0,4.0,6.0,1,138,138.0,494.78,3.59,41.0,60.5,93.0
2023-04-30,chocolate,2023.0,4.0,6.0,1,60,86.0,364.38,6.07,46.0,60.5,93.0
2023-04-30,coffee,2023.0,4.0,6.0,1,538,824.0,2414.02,4.49,93.0,60.5,93.0
2023-04-30,tea,2023.0,4.0,6.0,1,6,6.0,33.75,5.62,62.0,60.5,93.0
2023-05-01,bakery,2023.0,5.0,0.0,0,154,154.0,545.0,3.54,28.0,46.0,74.0
2023-05-01,chocolate,2023.0,5.0,0.0,0,99,144.0,597.5,6.04,36.0,46.0,74.0
2023-05-01,coffee,2023.0,5.0,0.0,0,797,1217.0,3588.95,4.5,74.0,46.0,74.0
2023-05-02,bakery,2023.0,5.0,1.0,0,150,150.0,529.75,3.53,30.0,46.25,71.0
2023-05-02,chocolate,2023.0,5.0,1.0,0,90,133.0,565.0,6.28,39.0,46.25,71.0
2023-05-02,coffee,2023.0,5.0,1.0,0,800,1212.0,3530.75,4.41,71.0,46.25,71.0
2023-05-03,bakery,2023.0,5.0,2.0,0,152,152.0,540.5,3.56,33.0,48.0,74.0
2023-05-03,chocolate,2023.0,5.0,2.0,0,92,136.0,573.0,6.23,37.0,48.0,74.0
2023-05-03,coffee,2023.0,5.0,2.0,0,832,1235.0,3601.1,4.33,74.0,48.0,74.0
2023-05-04,bakery,2023.0,5.0,3.0,0,153,153.0,545.5,3.57,33.0,51.75,79.0
2023-05-04,chocolate,2023.0,5.0,3.0,0,90,139.0,571.0,6.34,45.0,51.75,79.0
2023-05-04,coffee,2023.0,5.0,3.0,0,786,1191.0,3473.2,4.42,79.0,51.75,79.0
2023-05-05,bakery,2023.0,5.0,4.0,0,154,154.0,538.25,3.5,33.0,50.0,75.0
2023-05-05,chocolate,2023.0,5.0,4.0,0,96,146.0,607.25,6.33,41.0,50.0,75.0
2023-05-05,coffee,2023.0,5.0,4.0,0,812,1207.0,3555.5,4.38,75.0,50.0,75.0
2023-05-06,bakery,2023.0,5.0,5.0,1,151,151.0,527.0,3.49,42.0,57.0,85.0
2023-05-06,chocolate,2023.0,5.0,5.0,1,82,125.0,512.75,6.25,43.0,57.0,85.0
2023-05-06,coffee,2023.0,5.0,5.0,1,722,1088.0,3165.4,4.38,85.0,57.0,85.0
2023-05-07,bakery,2023.0,5.0,6.0,1,163,163.0,589.25,3.62,39.0,55.75,86.0
2023-05-07,chocolate,2023.0,5.0,6.0,1,74,111.0,481.88,6.51,41.0,55.75,86.0
2023-05-07,coffee,2023.0,5.0,6.0,1,716,1079.0,3176.78,4.44,86.0,55.75,86.0
2023-05-07,tea,2023.0,5.0,6.0,1,2,2.0,11.25,5.62,57.0,55.75,86.0
2023-05-08,bakery,2023.0,5.0,0.0,0,169,210.0,763.25,4.52,32.0,46.75,71.0
2023-05-08,chocolate,2023.0,5.0,0.0,0,84,120.0,507.75,6.04,35.0,46.75,71.0
2023-05-08,coffee,2023.0,5.0,0.0,0,834,1214.0,3627.12,4.35,71.0,46.75,71.0
2023-05-08,tea,2023.0,5.0,0.0,0,16,16.0,90.0,5.62,49.0,46.75,71.0
2023-05-09,bakery,2023.0,5.0,1.0,0,153,154.0,587.15,3.84,32.0,48.75,76.0
2023-05-09,chocolate,2023.0,5.0,1.0,0,90,132.0,567.75,6.31,39.0,48.75,76.0
2023-05-09,coffee,2023.0,5.0,1.0,0,767,1084.0,3225.7,4.21,76.0,48.75,76.0
2023-05-09,tea,2023.0,5.0,1.0,0,14,14.0,78.75,5.62,48.0,48.75,76.0
2023-05-10,bakery,2023.0,5.0,2.0,0,180,180.0,643.5,3.58,35.0,49.0,75.0
2023-05-10,chocolate,2023.0,5.0,2.0,0,81,122.0,496.62,6.13,38.0,49.0,75.0
2023-05-10,coffee,2023.0,5.0,2.0,0,783,1181.0,3485.15,4.45,75.0,49.0,75.0
2023-05-10,tea,2023.0,5.0,2.0,0,15,15.0,84.38,5.62,48.0,49.0,75.0
2023-05-11,bakery,2023.0,5.0,3.0,0,162,162.0,582.5,3.6,39.0,50.5,74.0
2023-05-11,chocolate,2023.0,5.0,3.0,0,86,117.0,488.0,5.67,40.0,50.5,74.0
2023-05-11,coffee,2023.0,5.0,3.0,0,714,1076.0,3141.25,4.4,74.0,50.5,74.0
2023-05-11,tea,2023.0,5.0,3.0,0,11,11.0,61.88,5.62,49.0,50.5,74.0
2023-05-12,bakery,2023.0,5.0,4.0,0,172,172.0,607.75,3.53,42.0,51.5,74.0
2023-05-12,chocolate,2023.0,5.0,4.0,0,78,117.0,486.12,6.23,40.0,51.5,74.0
2023-05-12,coffee,2023.0,5.0,4.0,0,680,1025.0,2997.12,4.41,74.0,51.5,74.0
2023-05-12,tea,2023.0,5.0,4.0,0,14,14.0,78.75,5.62,50.0,51.5,74.0
2023-05-13,bakery,2023.0,5.0,5.0,1,198,198.0,716.25,3.62,51.0,59.25,84.0
2023-05-13,chocolate,2023.0,5.0,5.0,1,85,137.0,575.75,6.77,47.0,59.25,84.0
2023-05-13,coffee,2023.0,5.0,5.0,1,748,1219.0,3591.48,4.8,84.0,59.25,84.0
2023-05-13,tea,2023.0,5.0,5.0,1,14,14.0,78.75,5.62,55.0,59.25,84.0
2023-05-14,bakery,2023.0,5.0,6.0,1,197,197.0,701.0,3.56,55.0,62.25,91.0
2023-05-14,chocolate,2023.0,5.0,6.0,1,80,109.0,471.75,5.9,48.0,62.25,91.0
2023-05-14,coffee,2023.0,5.0,6.0,1,649,936.5,2817.8,4.34,91.0,62.25,91.0
2023-05-14,tea,2023.0,5.0,6.0,1,19,19.0,106.88,5.62,55.0,62.25,91.0
2023-05-15,bakery,2023.0,5.0,0.0,0,157,158.0,557.25,3.55,31.0,47.25,73.0
2023-05-15,chocolate,2023.0,5.0,0.0,0,110,160.0,693.0,6.3,36.0,47.25,73.0
2023-05-15,coffee,2023.0,5.0,0.0,0,779,1151.0,3408.95,4.38,73.0,47.25,73.0
2023-05-15,tea,2023.0,5.0,0.0,0,16,16.0,90.0,5.62,49.0,47.25,73.0
2023-05-16,bakery,2023.0,5.0,1.0,0,183,183.0,659.5,3.6,31.0,46.75,72.0
2023-05-16,chocolate,2023.0,5.0,1.0,0,96,136.0,569.62,5.93,36.0,46.75,72.0
2023-05-16,coffee,2023.0,5.0,1.0,0,830,1191.0,3528.0,4.25,72.0,46.75,72.0
2023-05-16,tea,2023.0,5.0,1.0,0,15,15.0,84.38,5.62,48.0,46.75,72.0
2023-05-17,bakery,2023.0,5.0,2.0,0,166,166.0,597.5,3.6,30.0,46.25,73.0
2023-05-17,chocolate,2023.0,5.0,2.0,0,73,108.0,458.38,6.28,35.0,46.25,73.0
2023-05-17,coffee,2023.0,5.0,2.0,0,668,1005.0,3001.2,4.49,73.0,46.25,73.0
2023-05-17,tea,2023.0,5.0,2.0,0,9,9.0,50.62,5.62,47.0,46.25,73.0
2023-05-18,bakery,2023.0,5.0,3.0,0,181,182.0,638.25,3.53,34.0,46.25,70.0
2023-05-18,chocolate,2023.0,5.0,3.0,0,117,172.0,718.88,6.14,33.0,46.25,70.0
2023-05-18,coffee,2023.0,5.0,3.0,0,757,1125.0,3355.98,4.43,70.0,46.25,70.0
2023-05-18,tea,2023.0,5.0,3.0,0,19,19.0,106.88,5.62,48.0,46.25,70.0
2023-05-19,bakery,2023.0,5.0,4.0,0,179,179.0,642.75,3.59,40.0,50.0,77.0
2023-05-19,chocolate,2023.0,5.0,4.0,0,83,127.0,526.88,6.35,34.0,50.0,77.0
2023-05-19,coffee,2023.0,5.0,4.0,0,825,1225.0,3658.05,4.43,77.0,50.0,77.0
2023-05-19,tea,2023.0,5.0,4.0,0,9,9.0,50.62,5.62,49.0,50.0,77.0
2023-05-20,bakery,2023.0,5.0,5.0,1,234,234.0,825.85,3.53,42.0,57.5,88.0
2023-05-20,chocolate,2023.0,5.0,5.0,1,80,110.0,465.0,5.81,46.0,57.5,88.0
2023-05-20,coffee,2023.0,5.0,5.0,1,719,1068.0,3182.98,4.43,88.0,57.5,88.0
2023-05-20,tea,2023.0,5.0,5.0,1,21,21.0,118.12,5.62,54.0,57.5,88.0
2023-05-21,bakery,2023.0,5.0,6.0,1,162,164.0,575.4,3.55,44.0,57.5,86.0
2023-05-21,chocolate,2023.0,5.0,6.0,1,85,130.0,563.75,6.63,39.0,57.5,86.0
2023-05-21,coffee,2023.0,5.0,6.0,1,687,1106.0,3252.42,4.73,86.0,57.5,86.0
2023-05-21,tea,2023.0,5.0,6.0,1,8,8.0,45.0,5.62,61.0,57.5,86.0
2023-05-22,bakery,2023.0,5.0,0.0,0,169,175.0,609.8,3.61,31.0,46.75,72.0
2023-05-22,chocolate,2023.0,5.0,0.0,0,80,127.0,527.25,6.59,35.0,46.75,72.0
2023-05-22,coffee,2023.0,5.0,0.0,0,806,1345.0,3944.02,4.89,72.0,46.75,72.0
2023-05-22,tea,2023.0,5.0,0.0,0,6,6.0,33.75,5.62,49.0,46.75,72.0
2023-05-23,bakery,2023.0,5.0,1.0,0,153,157.0,547.15,3.58,31.0,47.25,75.0
2023-05-23,chocolate,2023.0,5.0,1.0,0,86,144.0,587.0,6.83,36.0,47.25,75.0
2023-05-23,coffee,2023.0,5.0,1.0,0,777,1262.0,3737.05,4.81,75.0,47.25,75.0
2023-05-23,tea,2023.0,5.0,1.0,0,7,7.0,39.38,5.62,47.0,47.25,75.0
2023-05-24,bakery,2023.0,5.0,2.0,0,166,176.0,601.5,3.62,32.0,45.0,69.0
2023-05-24,chocolate,2023.0,5.0,2.0,0,92,150.0,632.0,6.87,35.0,45.0,69.0
2023-05-24,coffee,2023.0,5.0,2.0,0,798,1285.0,3752.48,4.7,69.0,45.0,69.0
2023-05-24,tea,2023.0,5.0,2.0,0,4,4.0,22.5,5.62,44.0,45.0,69.0
2023-05-25,bakery,2023.0,5.0,3.0,0,151,156.0,548.1,3.63,36.0,48.25,78.0
2023-05-25,chocolate,2023.0,5.0,3.0,0,87,145.0,602.75,6.93,33.0,48.25,78.0
2023-05-25,coffee,2023.0,5.0,3.0,0,753,1250.0,3617.98,4.8,78.0,48.25,78.0
2023-05-25,tea,2023.0,5.0,3.0,0,8,8.0,45.0,5.62,46.0,48.25,78.0
2023-05-26,bakery,2023.0,5.0,4.0,0,165,167.0,590.5,3.58,36.0,48.75,73.0
2023-05-26,chocolate,2023.0,5.0,4.0,0,82,129.0,548.5,6.69,36.0,48.75,73.0
2023-05-26,coffee,2023.0,5.0,4.0,0,789,1291.0,3809.95,4.83,73.0,48.75,73.0
2023-05-26,tea,2023.0,5.0,4.0,0,8,8.0,45.0,5.62,50.0,48.75,73.0
2023-05-27,bakery,2023.0,5.0,5.0,1,154,156.0,545.05,3.54,42.0,59.0,91.0
2023-05-27,chocolate,2023.0,5.0,5.0,1,102,162.0,662.88,6.5,45.0,59.0,91.0
2023-05-27,coffee,2023.0,5.0,5.0,1,848,1378.0,3996.65,4.71,91.0,59.0,91.0
2023-05-27,tea,2023.0,5.0,5.0,1,4,4.0,22.5,5.62,58.0,59.0,91.0
2023-05-28,bakery,2023.0,5.0,6.0,1,142,142.0,500.8,3.53,46.0,60.5,92.0
2023-05-28,chocolate,2023.0,5.0,6.0,1,81,112.0,457.5,5.65,42.0,60.5,92.0
2023-05-28,coffee,2023.0,5.0,6.0,1,776,1148.0,3380.35,4.36,92.0,60.5,92.0
2023-05-29,bakery,2023.0,5.0,0.0,0,161,166.0,586.5,3.64,40.0,56.75,92.0
2023-05-29,chocolate,2023.0,5.0,0.0,0,78,119.0,504.25,6.46,39.0,56.75,92.0
2023-05-29,coffee,2023.0,5.0,0.0,0,667,985.0,2868.75,4.3,92.0,56.75,92.0
2023-05-30,bakery,2023.0,5.0,1.0,0,156,159.0,562.18,3.6,30.0,42.5,68.0
2023-05-30,chocolate,2023.0,5.0,1.0,0,82,121.0,492.62,6.01,29.0,42.5,68.0
2023-05-30,coffee,2023.0,5.0,1.0,0,697,1072.0,3189.02,4.58,68.0,42.5,68.0
2023-05-30,tea,2023.0,5.0,1.0,0,8,8.0,45.0,5.62,43.0,42.5,68.0
2023-05-31,bakery,2023.0,5.0,2.0,0,154,155.0,560.77,3.64,31.0,44.5,70.0
2023-05-31,chocolate,2023.0,5.0,2.0,0,68,98.0,414.88,6.1,32.0,44.5,70.0
2023-05-31,coffee,2023.0,5.0,2.0,0,684,1070.0,3145.08,4.6,70.0,44.5,70.0
2023-05-31,tea,2023.0,5.0,2.0,0,12,12.0,67.5,5.62,45.0,44.5,70.0
2023-06-01,bakery,2023.0,6.0,3.0,0,161,161.0,571.5,3.55,29.0,43.0,69.0
2023-06-01,chocolate,2023.0,6.0,3.0,0,100,153.0,638.0,6.38,31.0,43.0,69.0
2023-06-01,coffee,2023.0,6.0,3.0,0,889,1362.0,4017.5,4.52,69.0,43.0,69.0
2023-06-02,bakery,2023.0,6.0,4.0,0,154,154.0,543.75,3.53,34.0,46.5,73.0
2023-06-02,chocolate,2023.0,6.0,4.0,0,98,151.0,635.0,6.48,37.0,46.5,73.0
2023-06-02,coffee,2023.0,6.0,4.0,0,891,1337.0,3877.75,4.35,73.0,46.5,73.0
2023-06-03,bakery,2023.0,6.0,5.0,1,158,158.0,562.5,3.56,37.0,54.25,88.0
2023-06-03,chocolate,2023.0,6.0,5.0,1,111,167.0,700.25,6.31,41.0,54.25,88.0
2023-06-03,coffee,2023.0,6.0,5.0,1,891,1329.0,3903.9,4.38,88.0,54.25,88.0
2023-06-04,bakery,2023.0,6.0,6.0,1,158,158.0,560.5,3.55,44.0,57.75,91.0
2023-06-04,chocolate,2023.0,6.0,6.0,1,87,135.0,555.5,6.39,41.0,57.75,91.0
2023-06-04,coffee,2023.0,6.0,6.0,1,869,1326.0,3869.15,4.45,91.0,57.75,91.0
2023-06-05,bakery,2023.0,6.0,0.0,0,170,170.0,598.5,3.52,29.0,45.75,74.0
2023-06-05,chocolate,2023.0,6.0,0.0,0,94,141.0,589.0,6.27,35.0,45.75,74.0
2023-06-05,coffee,2023.0,6.0,0.0,0,846,1266.0,3723.65,4.4,74.0,45.75,74.0
2023-06-06,bakery,2023.0,6.0,1.0,0,155,155.0,544.5,3.51,32.0,44.0,70.0
2023-06-06,chocolate,2023.0,6.0,1.0,0,91,137.0,558.75,6.14,31.0,44.0,70.0
2023-06-06,coffee,2023.0,6.0,1.0,0,795,1202.0,3495.65,4.4,70.0,44.0,70.0
2023-06-07,bakery,2023.0,6.0,2.0,0,175,175.0,630.25,3.6,27.0,42.0,64.0
2023-06-07,chocolate,2023.0,6.0,2.0,0,67,106.0,449.75,6.71,35.0,42.0,64.0
2023-06-07,coffee,2023.0,6.0,2.0,0,772,1156.0,3428.4,4.44,64.0,42.0,64.0
2023-06-07,tea,2023.0,6.0,2.0,0,8,8.0,45.0,5.62,42.0,42.0,64.0
2023-06-08,bakery,2023.0,6.0,3.0,0,178,222.0,805.75,4.53,30.0,49.5,77.0
2023-06-08,chocolate,2023.0,6.0,3.0,0,91,130.0,556.25,6.11,41.0,49.5,77.0
2023-06-08,coffee,2023.0,6.0,3.0,0,897,1291.0,3847.78,4.29,77.0,49.5,77.0
2023-06-08,tea,2023.0,6.0,3.0,0,22,22.0,123.75,5.62,50.0,49.5,77.0
2023-06-09,bakery,2023.0,6.0,4.0,0,165,166.0,633.92,3.84,36.0,51.0,79.0
2023-06-09,chocolate,2023.0,6.0,4.0,0,108,163.0,691.88,6.41,43.0,51.0,79.0
2023-06-09,coffee,2023.0,6.0,4.0,0,850,1215.0,3597.35,4.23,79.0,51.0,79.0
2023-06-09,tea,2023.0,6.0,4.0,0,20,20.0,112.5,5.62,46.0,51.0,79.0
2023-06-10,bakery,2023.0,6.0,5.0,1,182,182.0,654.5,3.6,38.0,55.25,85.0
2023-06-10,chocolate,2023.0,6.0,5.0,1,78,116.0,481.75,6.18,42.0,55.25,85.0
2023-06-10,coffee,2023.0,6.0,5.0,1,816,1227.0,3642.72,4.46,85.0,55.25,85.0
2023-06-10,tea,2023.0,6.0,5.0,1,16,16.0,90.0,5.62,56.0,55.25,85.0
2023-06-11,bakery,2023.0,6.0,6.0,1,170,170.0,600.5,3.53,40.0,55.5,89.0
2023-06-11,chocolate,2023.0,6.0,6.0,1,98,133.0,553.75,5.65,38.0,55.5,89.0
2023-06-11,coffee,2023.0,6.0,6.0,1,809,1205.0,3543.2,4.38,89.0,55.5,89.0
2023-06-11,tea,2023.0,6.0,6.0,1,14,14.0,78.75,5.62,55.0,55.5,89.0
2023-06-12,bakery,2023.0,6.0,0.0,0,197,197.0,700.25,3.55,32.0,46.25,71.0
2023-06-12,chocolate,2023.0,6.0,0.0,0,86,129.0,527.12,6.13,36.0,46.25,71.0
2023-06-12,coffee,2023.0,6.0,0.0,0,759,1159.0,3360.08,4.43,71.0,46.25,71.0
2023-06-12,tea,2023.0,6.0,0.0,0,17,17.0,95.62,5.62,46.0,46.25,71.0
2023-06-13,bakery,2023.0,6.0,1.0,0,207,207.0,747.0,3.61,36.0,48.0,74.0
2023-06-13,chocolate,2023.0,6.0,1.0,0,99,160.0,674.62,6.81,37.0,48.0,74.0
2023-06-13,coffee,2023.0,6.0,1.0,0,844,1384.0,4101.77,4.86,74.0,48.0,74.0
2023-06-13,tea,2023.0,6.0,1.0,0,13,13.0,73.12,5.62,45.0,48.0,74.0
2023-06-14,bakery,2023.0,6.0,2.0,0,213,213.0,758.75,3.56,34.0,49.0,79.0
2023-06-14,chocolate,2023.0,6.0,2.0,0,78,111.0,474.62,6.08,37.0,49.0,79.0
2023-06-14,coffee,2023.0,6.0,2.0,0,740,1071.5,3238.62,4.38,79.0,49.0,79.0
2023-06-14,tea,2023.0,6.0,2.0,0,20,20.0,112.5,5.62,46.0,49.0,79.0
2023-06-15,bakery,2023.0,6.0,3.0,0,180,180.0,627.0,3.48,36.0,49.0,76.0
2023-06-15,chocolate,2023.0,6.0,3.0,0,120,171.0,736.0,6.13,39.0,49.0,76.0
2023-06-15,coffee,2023.0,6.0,3.0,0,817,1215.0,3604.6,4.41,76.0,49.0,76.0
2023-06-15,tea,2023.0,6.0,3.0,0,16,16.0,90.0,5.62,45.0,49.0,76.0
2023-06-16,bakery,2023.0,6.0,4.0,0,192,192.0,686.25,3.57,40.0,50.5,79.0
2023-06-16,chocolate,2023.0,6.0,4.0,0,103,141.0,585.88,5.69,37.0,50.5,79.0
2023-06-16,coffee,2023.0,6.0,4.0,0,907,1319.0,3909.4,4.31,79.0,50.5,79.0
2023-06-16,tea,2023.0,6.0,4.0,0,18,18.0,101.25,5.62,46.0,50.5,79.0
2023-06-17,bakery,2023.0,6.0,5.0,1,171,171.0,609.5,3.56,49.0,57.75,88.0
2023-06-17,chocolate,2023.0,6.0,5.0,1,66,94.0,397.75,6.03,45.0,57.75,88.0
2023-06-17,coffee,2023.0,6.0,5.0,1,737,1099.0,3230.28,4.38,88.0,57.75,88.0
2023-06-17,tea,2023.0,6.0,5.0,1,10,10.0,56.25,5.62,49.0,57.75,88.0
2023-06-18,bakery,2023.0,6.0,6.0,1,194,195.0,688.75,3.55,54.0,60.25,89.0
2023-06-18,chocolate,2023.0,6.0,6.0,1,119,176.0,741.12,6.23,45.0,60.25,89.0
2023-06-18,coffee,2023.0,6.0,6.0,1,832,1218.0,3596.18,4.32,89.0,60.25,89.0
2023-06-18,tea,2023.0,6.0,6.0,1,19,19.0,106.88,5.62,53.0,60.25,89.0
2023-06-19,bakery,2023.0,6.0,0.0,0,197,197.0,695.0,3.53,35.0,52.25,85.0
2023-06-19,chocolate,2023.0,6.0,0.0,0,104,154.0,645.25,6.2,38.0,52.25,85.0
2023-06-19,coffee,2023.0,6.0,0.0,0,909,1330.0,3963.8,4.36,85.0,52.25,85.0
2023-06-19,tea,2023.0,6.0,0.0,0,12,12.0,67.5,5.62,51.0,52.25,85.0
2023-06-20,bakery,2023.0,6.0,1.0,0,244,246.0,861.75,3.53,32.0,45.5,73.0
2023-06-20,chocolate,2023.0,6.0,1.0,0,91,125.0,524.75,5.77,32.0,45.5,73.0
2023-06-20,coffee,2023.0,6.0,1.0,0,742,1100.0,3261.48,4.4,73.0,45.5,73.0
2023-06-20,tea,2023.0,6.0,1.0,0,19,19.0,106.88,5.62,45.0,45.5,73.0
2023-06-21,bakery,2023.0,6.0,2.0,0,185,189.0,662.85,3.58,32.0,46.0,75.0
2023-06-21,chocolate,2023.0,6.0,2.0,0,87,133.0,580.5,6.67,32.0,46.0,75.0
2023-06-21,coffee,2023.0,6.0,2.0,0,743,1177.0,3455.85,4.65,75.0,46.0,75.0
2023-06-21,tea,2023.0,6.0,2.0,0,11,11.0,61.88,5.62,45.0,46.0,75.0
2023-06-22,bakery,2023.0,6.0,3.0,0,172,177.0,620.5,3.61,36.0,46.25,72.0
2023-06-22,chocolate,2023.0,6.0,3.0,0,94,153.0,630.75,6.71,36.0,46.25,72.0
2023-06-22,coffee,2023.0,6.0,3.0,0,822,1364.0,4020.25,4.89,72.0,46.25,72.0
2023-06-22,tea,2023.0,6.0,3.0,0,8,8.0,45.0,5.62,41.0,46.25,72.0
2023-06-23,bakery,2023.0,6.0,4.0,0,155,160.0,559.2,3.61,37.0,49.25,75.0
2023-06-23,chocolate,2023.0,6.0,4.0,0,83,138.0,570.38,6.87,39.0,49.25,75.0
2023-06-23,coffee,2023.0,6.0,4.0,0,857,1405.0,4157.77,4.85,75.0,49.25,75.0
2023-06-23,tea,2023.0,6.0,4.0,0,12,12.0,67.5,5.62,46.0,49.25,75.0
2023-06-24,bakery,2023.0,6.0,5.0,1,188,194.0,672.65,3.58,40.0,57.25,93.0
2023-06-24,chocolate,2023.0,6.0,5.0,1,106,172.0,723.5,6.83,45.0,57.25,93.0
2023-06-24,coffee,2023.0,6.0,5.0,1,867,1406.0,4119.65,4.75,93.0,57.25,93.0
2023-06-24,tea,2023.0,6.0,5.0,1,8,8.0,45.0,5.62,51.0,57.25,93.0
2023-06-25,bakery,2023.0,6.0,6.0,1,177,184.0,645.65,3.65,36.0,55.0,88.0
2023-06-25,chocolate,2023.0,6.0,6.0,1,98,153.0,637.25,6.5,42.0,55.0,88.0
2023-06-25,coffee,2023.0,6.0,6.0,1,833,1385.0,4017.8,4.82,88.0,55.0,88.0
2023-06-25,tea,2023.0,6.0,6.0,1,13,13.0,73.12,5.62,54.0,55.0,88.0
2023-06-26,bakery,2023.0,6.0,0.0,0,174,182.0,633.85,3.64,32.0,47.25,73.0
2023-06-26,chocolate,2023.0,6.0,0.0,0,89,142.0,595.5,6.69,38.0,47.25,73.0
2023-06-26,coffee,2023.0,6.0,0.0,0,868,1424.0,4208.23,4.85,73.0,47.25,73.0
2023-06-26,tea,2023.0,6.0,0.0,0,11,11.0,61.88,5.62,46.0,47.25,73.0
2023-06-27,bakery,2023.0,6.0,1.0,0,167,169.0,583.2,3.49,34.0,48.75,75.0
2023-06-27,chocolate,2023.0,6.0,1.0,0,107,169.0,693.75,6.48,39.0,48.75,75.0
2023-06-27,coffee,2023.0,6.0,1.0,0,924,1510.0,4351.75,4.71,75.0,48.75,75.0
2023-06-27,tea,2023.0,6.0,1.0,0,2,2.0,11.25,5.62,47.0,48.75,75.0
2023-06-28,bakery,2023.0,6.0,2.0,0,147,151.0,527.0,3.59,29.0,44.25,69.0
2023-06-28,chocolate,2023.0,6.0,2.0,0,88,133.0,546.0,6.2,37.0,44.25,69.0
2023-06-28,coffee,2023.0,6.0,2.0,0,835,1247.0,3655.9,4.38,69.0,44.25,69.0
2023-06-29,bakery,2023.0,6.0,3.0,0,170,176.0,618.55,3.64,34.0,46.75,74.0
2023-06-29,chocolate,2023.0,6.0,3.0,0,82,124.0,523.0,6.38,38.0,46.75,74.0
2023-06-29,coffee,2023.0,6.0,3.0,0,757,1129.0,3309.2,4.37,74.0,46.75,74.0
2023-06-30,bakery,2023.0,6.0,4.0,0,177,180.0,647.38,3.66,35.0,46.25,71.0
2023-06-30,chocolate,2023.0,6.0,4.0,0,82,122.0,512.75,6.25,36.0,46.25,71.0
2023-06-30,coffee,2023.0,6.0,4.0,0,735,1137.0,3369.75,4.58,71.0,46.25,71.0
2023-06-30,tea,2023.0,6.0,4.0,0,9,9.0,50.62,5.62,43.0,46.25,71.0
